{
  "build": {
    "content": [
      {
        "files": [
          "articles/**.md",
          "articles/**/toc.yml",
          "toc.yml",
          "*.md",
          "api/**.md",
          "api/**/toc.yml"
        ]
      }
    ],
    "resource": [
      {
        "files": [
          "images/**"
        ]
      }
    ],
    "markdownEngineName": "markdig",
    "dest": "_site",
    "globalMetadataFiles": [],
    "fileMetadataFiles": [],
    "template": [
      "default",
      "../material"
    ],
    "postProcessors": [
      "ExtractSearchIndex"
    ],
    "globalMetadata": {
      "_appFooter": "<span>Copyright © 2019 Oscar Vasquez<br>Generated with <strong>DocFX</strong></span>",
      "_appTitle": "DocFX Material",
      "_enableSearch": "true",
      "_gitContribute": {
        "repo": "https://github.com/ovasquez/docfx-material"
      },
      "_gitUrlPattern": "github"
    },
    "noLangKeyword": false,
    "keepFileLink": false,
    "cleanupCacheHistory": false,
    "disableGitFeatures": false
  }
}